id,product,rate
1,UVL01,0.000075
2,UVL02,0.000075
3,UVL03,0.000075
4,ILP01,0.000075
